unit_id,within_group_similarity,between_group_similarity,similarity_gap,association_auc,anisotropy,effective_rank,model
882c,0.9933749412496885,0.9923439423243204,0.0010309989253680651,0.5416666666666666,0.9925501346588135,1.1435102224349976,gpt2
6e27,0.9895934412876765,0.9904864467680454,-0.0008930054803689691,0.4800347222222222,0.9903078675270081,1.1602188348770142,gpt2
0299,0.9906033575534821,0.9884627815335989,0.002140576019883156,0.6124131944444444,0.9888909459114075,1.2625640630722046,gpt2
882c,0.9714366321762403,0.9714361764490604,4.557271798821816e-07,0.5425347222222222,0.9714363217353821,2.2973482608795166,gpt2_lnfree
6e27,0.9680358345309893,0.9669339296718439,0.0011019048591454084,0.47786458333333337,0.967154324054718,2.0502138137817383,gpt2_lnfree
0299,0.9831502214074135,0.9792900054405133,0.0038602159669002267,0.6145833333333334,0.980061948299408,2.310924768447876,gpt2_lnfree
